bids_name	NumberOfShells	bValues	bValuesEstimation	bdiffs_max	bdiffs_mean	bdiffs_median	bdiffs_min	efc_shell01	efc_shell02	efc_shell03	fa_degenerate	fa_nans	fber_shell01	fber_shell02	fber_shell03	fd_mean	fd_num	fd_perc	ndc	sigma_cc	sigma_pca	sigma_piesno	snr_cc_shell0	snr_cc_shell1_best	snr_cc_shell1_worst	snr_cc_shell2_best	snr_cc_shell2_worst	spikes_global	spikes_slice_i	spikes_slice_j	spikes_slice_k	summary_bg_k	summary_bg_mad	summary_bg_mean	summary_bg_median	summary_bg_n	summary_bg_p05	summary_bg_p95	summary_bg_stdv	summary_fg_k	summary_fg_mad	summary_fg_mean	summary_fg_median	summary_fg_n	summary_fg_p05	summary_fg_p95	summary_fg_stdv	summary_wm_k	summary_wm_mad	summary_wm_mean	summary_wm_median	summary_wm_n	summary_wm_p05	summary_wm_p95	summary_wm_stdv
sub-NDARAN262WK6_ses-HBNsiteRU_acq-64dir_dwi	2	[0.0, 1000.0, 2000.0]	[1000.0, 2000.0]	0.1782	0.059	0.0543	0.007	1.1864	0.5825	0.6036	0.0	0.0	245.4444	158.76	49.0	6.2761	128	99.2248062015504	0.3244	53.3737	11.9117	1.6508	2.7	3.04	3.04	1.07	0.69	61.29	256.74	226.72	303.17	56.252	5.9304	18.0582	6.0	557645.0	1.0	76.0	35.3185	5.1558	80.0605	180.1447	166.0	221107.0	47.0	351.0	95.8208	5.4817	78.5779	179.3422	165.0	213700.0	49.0	346.0	94.2316
sub-NDARAW179AYF_ses-HBNsiteRU_acq-64dir_dwi	2	[0.0, 1000.0, 2000.0]	[1000.0, 2000.0]	0.0447	0.0134	0.0108	0.0011	2.8483	0.7037	0.5882	0.0	0.0	27.88	353.44	203.0625	2.5033	128	99.2248062015504	0.6849	53.3737	12.5123	1.6508	3.13	3.22	3.22	1.81	0.85	77.48	468.97	279.52	493.1	199.8177	4.4478	13.178	5.0	524995.0	1.0	58.0	28.6461	7.4137	108.23	282.3403	255.0	253757.0	114.0	540.0	144.2656	9.7798	80.0605	235.9237	218.0	125139.0	107.0	424.0	108.0274
sub-NDARBK669XJQ_ses-HBNsiteSI_acq-64dir_dwi	2	[0.0, 1000.0, 2000.0]	[1000.0, 2000.0]	0.0863	0.0369	0.0348	0.0058	2.5138	1.0961	0.8335	0.0	0.0	-0.7334	11.3344	7.1111	2.8095	128	99.2248062015504	0.7583	34.0999	10.8759	9.9045	5.57	4.28	4.28	3.27	1.71	60.6	408.23	397.02	337.3	55.1459	7.413	50.9222	32.0	490992.0	23.0	160.0	59.9186	4.4483	134.9168	351.9948	318.0	172560.0	157.0	655.0	166.3977	26.1582	72.6475	268.2264	250.0	48649.0	156.0	431.0	108.2711
sub-NDARBT607PZL_ses-HBNsiteRU_acq-64dir_dwi	2	[0.0, 1000.0, 2000.0]	[1000.0, 2000.0]	0.0517	0.0318	0.0324	0.007	1.4449	0.6154	0.6231	0.0	0.0	283.3611	201.64	64.0	1.3364	128	99.2248062015504	0.7881	31.1346	11.3122	1.6508	4.02	4.5	4.5	1.99	1.13	118.59	753.66	779.54	782.65	226.3468	5.9304	20.3938	6.0	519535.0	1.0	75.0	59.0954	9.7993	75.6127	209.662	181.0	259217.0	80.0	441.0	121.9127	29.799	47.4433	156.9297	150.0	128281.0	70.0	263.0	68.8315
sub-NDARBZ913ZB9_ses-HBNsiteCBIC_acq-64dir_dwi	2	[0.0, 1000.0, 2000.0]	[1000.0, 2000.0]	0.0888	0.0229	0.0195	0.0009	4.9593	2.8105	1.9958	0.0	0.0	-0.0024	0.0189	0.0648	1.789	126	97.67441860465117	0.6933	127.5038	65.5682	43.58	4.63	5.61	5.61	2.65	1.6	96.25	292.98	549.72	597.02	80.4422	40.0303	219.8187	150.0	486895.0	106.0	535.0	277.3539	3.334	621.2103	1402.6266	1255.0	291857.0	514.0	2787.0	733.156	2.8609	584.1453	1308.4014	1180.0	169031.0	481.0	2549.0	661.1813
sub-NDARCG037CX4_ses-HBNsiteRU_acq-64dir_dwi	2	[0.0, 1000.0, 2000.0]	[1000.0, 2000.0]	0.0548	0.0196	0.0182	0.0016	2.01	0.5807	0.5835	0.0	0.0	230.12	361.0	105.0625	1.7592	128	99.2248062015504	0.7356	47.4433	11.3917	1.3206	2.58	2.89	2.89	1.31	0.91	125.69	708.11	713.29	866.5	93.255	4.4478	17.7909	5.0	541850.0	1.0	42.0	75.0342	4.9693	97.8517	245.9843	219.0	236902.0	99.0	500.0	128.8533	10.1638	75.6127	202.3452	185.0	123891.0	93.0	363.0	92.2143
sub-NDARCP642KML_ses-HBNsiteCBIC_acq-64dir_dwi	2	[0.0, 1000.0, 2000.0]	[1000.0, 2000.0]	0.1353	0.032	0.019	0.0025	5.7309	2.9483	2.1257	0.0	0.0	-0.0071	0.0	0.0618	2.9584	128	99.2248062015504	0.6198	179.3949	66.4369	45.5609	3.89	6.66	6.66	2.12	1.29	120.82	662.56	825.09	828.52	57.2687	63.7519	296.6662	171.0	488716.0	113.0	869.0	410.6929	12.54	582.6627	1355.1152	1160.0	290036.0	475.0	2849.0	845.3973	27.7503	333.5855	948.8974	885.0	97012.0	412.0	1662.0	440.3892
sub-NDARCU891YET_ses-HBNsiteCBIC_acq-64dir_dwi	2	[0.0, 1000.0, 2000.0]	[1000.0, 2000.0]	0.0124	0.0056	0.005	0.0005	4.6723	2.6493	1.9156	0.0	0.0	-0.0023	0.0308	0.0618	0.6853	126	97.67441860465117	0.832	139.3646	67.3701	43.745	4.2	5.96	5.96	2.49	1.56	79.48	290.9	396.5	478.05	98.4326	35.5825	204.8088	147.0	507919.0	106.0	432.0	273.7484	3.2613	679.0318	1528.6234	1391.0	270833.0	556.0	2942.0	770.488	2.3214	299.4856	985.8033	939.0	67098.0	513.0	1647.0	349.706
sub-NDARCV944JA6_ses-HBNsiteRU_acq-64dir_dwi	2	[0.0, 1000.0, 2000.0]	[1000.0, 2000.0]	0.0746	0.0219	0.0146	0.0012	2.8306	0.6146	0.5901	0.0	0.0	21.16	462.25	150.0625	2.5743	128	99.2248062015504	0.4523	38.5477	11.454	1.3206	4.02	4.72	4.72	2.22	1.22	79.9	489.67	367.51	609.2	234.5185	4.4478	12.1875	5.0	529259.0	1.0	46.0	31.5431	9.0744	85.9909	251.9353	230.0	249493.0	117.0	469.0	117.5557	12.6674	60.7867	205.1515	192.0	110549.0	105.0	346.0	81.6979
sub-NDARDF373ZDW_ses-HBNsiteRU_acq-64dir_dwi	2	[0.0, 1000.0, 2000.0]	[1000.0, 2000.0]	0.1789	0.0466	0.031	0.0062	1.8598	0.6374	0.5794	0.0	0.0	203.56	390.0625	132.25	5.8218	128	99.2248062015504	0.3841	26.6868	11.7737	1.3206	4.87	4.95	4.95	2.77	1.48	76.45	462.76	414.1	538.97	263.5979	4.4478	12.8198	5.0	534355.0	1.0	53.0	31.9704	7.5925	102.2996	244.0332	217.0	244397.0	83.0	482.0	136.7186	6.1592	100.817	239.5462	215.0	223985.0	85.0	463.0	127.1137
sub-NDARDF374LGN_ses-HBNsiteCBIC_acq-64dir_dwi	2	[0.0, 1000.0, 2000.0]	[1000.0, 2000.0]	0.1063	0.019	0.0131	0.0012	4.171	2.2974	1.684	0.0	0.0	0.0	0.0212	0.1628	1.3932	127	98.44961240310077	0.5812	177.9123	63.8024	43.2498	3.51	6.0	6.0	1.93	1.29	86.07	426.52	336.46	574.8	81.9138	35.5825	201.6047	143.0	521024.0	104.0	441.0	242.6994	5.3002	530.7716	1280.3921	1146.0	257728.0	475.0	2543.0	667.5219	8.8935	478.8805	1162.5278	1041.0	118885.0	444.0	2255.0	598.4963
sub-NDARDH086ZKK_ses-HBNsiteCBIC_acq-64dir_dwi	2	[0.0, 1000.0, 2000.0]	[1000.0, 2000.0]	0.1239	0.0127	0.0075	0.001	3.3327	2.0074	1.5673	0.0	0.0	0.0	0.0333	0.0856	1.1736	125	96.89922480620154	0.4164	157.1558	70.7782	42.7546	4.7	5.14	5.14	2.52	1.4	51.68	148.04	144.93	265.9	144.9729	28.1694	183.2083	137.0	578294.0	102.0	376.0	225.8962	5.4188	455.1589	1303.6232	1227.0	200458.0	631.0	2232.0	524.5835	8.56	398.82	1214.0177	1129.0	119382.0	639.0	2051.0	472.9178
sub-NDARDT181RP4_ses-HBNsiteRU_acq-64dir_dwi	2	[0.0, 1000.0, 2000.0]	[1000.0, 2000.0]	0.2585	0.0656	0.0645	0.0088	2.1996	0.5939	0.557	0.0	0.0	82.56	400.0	105.0625	4.6215	128	99.2248062015504	0.6416	72.6475	11.1308	1.3206	2.67	2.15	2.15	0.97	0.73	54.06	180.13	197.73	324.67	246.2696	4.4478	15.1655	5.0	560633.0	1.0	53.0	45.3431	2.7883	96.3691	249.2781	234.0	218119.0	105.0	447.0	109.4142	3.4907	90.4387	242.5958	228.0	188865.0	111.0	426.0	101.3016
sub-NDARDX173WLD_ses-HBNsiteCUNY_acq-64dir_dwi	2	[0.0, 1000.0, 2000.0]	[1000.0, 2000.0]	0.0353	0.0166	0.0163	0.0027				0.0	0.0	-1.0	-1.0	-1.0	0.8845	122	94.57364341085271	0.8381	255.0076	133.538	71.6428	5.43	5.94	5.94	3.41	1.62	86.17	448.26	410.99	465.86	91.9	66.7171	407.3218	243.0	504922.0	175.0	1203.0	590.893	4.0348	1347.6854	2999.796	2711.0	273830.0	1110.0	5820.0	1544.6376	2.5362	716.0969	2073.6435	1939.0	93137.0	999.0	3623.0	815.9826
sub-NDARED628HMQ_ses-HBNsiteRU_acq-64dir_dwi	2	[0.0, 1000.0, 2000.0]	[1000.0, 2000.0]	0.0336	0.0151	0.0136	0.0014	2.1256	0.6245	0.589	0.0	0.0	144.68	441.0	144.0	1.3271	128	99.2248062015504	0.6821	37.0651	11.2935	1.3206	3.6	5.05	5.05	1.95	0.97	67.91	359.23	188.42	441.49	165.8635	4.4478	14.683	5.0	537028.0	1.0	48.0	45.7491	8.6935	100.817	250.3123	230.0	241724.0	104.0	455.0	122.5049	19.842	65.2345	200.1506	180.0	100533.0	87.0	379.0	100.6398
sub-NDAREM565ADW_ses-HBNsiteCBIC_acq-64dir_dwi	2	[0.0, 1000.0, 2000.0]	[1000.0, 2000.0]	0.165	0.0482	0.0409	0.006	4.4823	2.4628	1.8201	0.0	0.0	-0.0024	0.0333	0.0897	4.3632	128	99.2248062015504	0.5749	425.5068	67.3714	43.58	2.4	5.02	5.02	0.99	0.85	109.48	532.12	566.28	728.89	61.2534	37.0651	243.9913	146.0	526111.0	105.0	567.0	426.8863	5.3315	598.9713	1406.5506	1260.0	252641.0	562.0	2719.0	722.3992	3.9915	593.0409	1389.6955	1284.0	204553.0	571.0	2560.0	646.1424
sub-NDAREV294WZ4_ses-HBNsiteCBIC_acq-64dir_dwi	2	[0.0, 1000.0, 2000.0]	[1000.0, 2000.0]	0.0114	0.0049	0.0044	0.0002	3.6279	2.1485	1.6463	0.0	0.0	0.0	0.0452	0.128	0.5947	120	93.02325581395348	0.8627	154.1906	65.1024	42.9197	3.99	4.78	4.78	2.45	1.33	47.58	105.6	153.22	322.52	124.4148	29.652	173.1866	139.0	544043.0	103.0	330.0	170.7489	1.8188	496.6717	1306.3797	1232.0	234709.0	457.0	2353.0	575.8444	2.1182	263.9032	941.0836	930.0	65826.0	438.0	1471.0	321.3568
sub-NDARFR301KKP_ses-HBNsiteRU_acq-64dir_dwi	2	[0.0, 1000.0, 2000.0]	[1000.0, 2000.0]	0.0287	0.0108	0.0094	0.0012	2.6413	0.6892	0.5959	0.0	0.0	61.8	316.84	175.5625	1.2882	127	98.44961240310077	0.7284	40.0303	11.9514	1.6508	3.72	4.2	4.2	1.91	1.03	77.06	450.33	243.28	498.83	178.1413	4.4478	14.3782	5.0	518525.0	1.0	51.0	41.9082	6.8244	103.7822	267.9912	244.0	260227.0	113.0	507.0	132.7377	5.6483	57.8215	194.1035	183.0	90086.0	97.0	328.0	76.9788
sub-NDARFV061AR5_ses-HBNsiteCBIC_acq-64dir_dwi	2	[0.0, 1000.0, 2000.0]	[1000.0, 2000.0]	0.2012	0.0361	0.0188	0.0032	5.5906	2.7749	2.0231	0.0	0.0	0.0	0.0322	0.126	4.832	127	98.44961240310077	0.6718	170.4993	66.6261	44.5704	3.67	6.06	6.06	2.22	1.38	147.26	736.06	864.43	898.75	54.2008	57.8215	294.2246	165.0	497835.0	110.0	935.0	411.2031	4.6767	607.8669	1447.0245	1177.0	280917.0	480.0	3468.0	942.9399	10.0048	324.6899	963.8033	896.0	99315.0	437.0	1732.0	422.183
sub-NDARGA346NA7_ses-HBNsiteRU_acq-64dir_dwi	2	[0.0, 1000.0, 2000.0]	[1000.0, 2000.0]	0.0416	0.0128	0.0108	0.0004	2.1843	0.5956	0.5773	0.0	0.0	103.4	495.0625	156.25	1.0683	128	99.2248062015504	0.7464	28.1694	11.1059	1.6508	4.59	7.03	7.03	2.49	1.33	54.59	230.86	115.95	270.2	180.8985	4.4478	12.0844	5.0	544771.0	1.0	41.0	35.3435	5.5266	99.3343	247.1518	234.0	233981.0	98.0	438.0	112.2034	7.1115	66.7171	195.1211	184.0	102471.0	85.0	340.0	82.7407
sub-NDARGK943RL3_ses-HBNsiteRU_acq-64dir_dwi	2	[0.0, 1000.0, 2000.0]	[1000.0, 2000.0]	0.0483	0.021	0.0196	0.0033	2.1651	0.7967	0.6173	0.0	0.0	100.9184	169.0	104.04	2.041	128	99.2248062015504	0.7383	78.5779	12.4884	1.6508	2.16	3.44	3.44	1.19	0.63	108.26	680.16	710.18	741.8	116.4392	7.413	23.6602	7.0	516760.0	1.0	85.0	64.4425	11.1799	126.0212	288.4682	238.0	261992.0	94.0	660.0	196.0223	19.0027	83.0257	225.5452	190.0	120932.0	87.0	490.0	145.7242
sub-NDARGM196JMM_ses-HBNsiteCBIC_acq-64dirVARIANTObliquity_dwi	2	[0.0, 1000.0, 2000.0]	[1000.0, 2000.0]	0.032	0.0115	0.0116	0.0009	4.6969	2.6843	1.9507	0.0	0.0	-0.0078	0.0186	0.0627	0.7723	125	96.89922480620154	0.85	169.0167	67.5928	43.58	3.91	8.7	8.7	2.37	1.29	82.01	283.66	346.81	523.92	87.7361	37.0651	209.767	147.0	505855.0	106.0	481.0	265.2718	4.5415	582.6627	1457.1713	1319.0	272897.0	598.0	2768.0	700.8261	30.691	305.4161	1067.6538	996.0	83148.0	553.0	1838.0	437.7411
sub-NDARGM421YWQ_ses-HBNsiteCBIC_acq-64dir_dwi	2	[0.0, 1000.0, 2000.0]	[1000.0, 2000.0]	0.0154	0.0071	0.0069	0.0002	5.1314	2.9073	2.0839	0.0	0.0	-0.0037	0.0163	0.0616	0.7323	125	96.89922480620154	0.7422	157.1558	68.3349	43.9101	4.09	5.21	5.21	2.2	1.48	96.22	438.95	437.91	641.46	112.325	40.0303	233.0924	150.0	484387.0	107.0	535.0	367.8995	3.8439	673.1014	1459.8645	1320.0	294365.0	550.0	2799.0	742.2922	14.8847	323.2073	1020.6367	931.0	92493.0	489.0	1876.0	452.2543
sub-NDARHC825ZFZ_ses-HBNsiteCBIC_acq-64dir_dwi	2	[0.0, 1000.0, 2000.0]	[1000.0, 2000.0]	0.0947	0.0233	0.0165	0.0026	4.4549	2.3882	1.7323	0.0	0.0	-0.0078	0.0439	0.0897	2.0612	128	99.2248062015504	0.6101	169.758	67.6549	43.58	4.07	5.5	5.5	2.08	1.49	111.94	670.84	672.91	759.71	89.2295	35.5825	230.3341	145.0	535303.0	106.0	567.0	369.0556	6.8896	673.1014	1548.0698	1334.0	243449.0	560.0	3327.0	934.5581	14.879	453.6763	1191.89	1056.0	107845.0	505.0	2238.0	597.0417
sub-NDARHD017XEU_ses-HBNsiteCBIC_acq-64dir_dwi	2	[0.0, 1000.0, 2000.0]	[1000.0, 2000.0]	0.0267	0.0098	0.0097	0.0007	4.38	2.5035	1.8367	0.0	0.0	-0.0057	0.0317	0.0869	0.7382	124	96.12403100775194	0.602	137.882	67.0565	43.58	4.88	4.24	4.24	2.97	1.49	70.02	256.74	244.32	399.21	134.3486	31.1346	178.1968	142.0	501236.0	105.0	370.0	160.6759	4.2587	584.1453	1409.4285	1298.0	277516.0	541.0	2594.0	673.9793	5.2779	302.4509	1023.6162	970.0	83260.0	518.0	1714.0	376.3976
sub-NDARHG188YE9_ses-HBNsiteCBIC_acq-64dir_dwi	2	[0.0, 1000.0, 2000.0]	[1000.0, 2000.0]	0.0898	0.0311	0.0241	0.0005	4.0766	2.3903	1.7714	0.0	0.0	-0.0058	0.0051	0.0439	1.4497	126	97.67441860465117	0.6129	160.121	67.9851	43.2498	4.37	5.99	5.99	2.65	1.46	69.9	301.26	253.64	452.24	105.4202	29.652	190.8738	140.0	537798.0	104.0	399.0	251.1271	3.5536	566.354	1507.6137	1364.0	240954.0	680.0	2843.0	692.5739	3.7349	530.7716	1400.7295	1244.0	117210.0	636.0	2740.0	673.4168
sub-NDARHX418ZGJ_ses-HBNsiteRU_acq-64dir_dwi	2	[0.0, 1000.0, 2000.0]	[1000.0, 2000.0]	0.0672	0.0202	0.0201	0.0007	1.6621	0.6166	0.5994	0.0	0.0	302.76	400.0	138.0625	1.8405	128	99.2248062015504	0.6313	34.0999	11.4309	1.3206	3.51	5.66	5.66	2.01	0.96	85.51	463.79	312.64	593.44	397.2966	4.4478	13.9594	5.0	527363.0	1.0	57.0	38.807	6.8818	96.3691	230.9373	205.0	251389.0	87.0	455.0	124.298	11.3136	72.6475	196.4605	176.0	148797.0	80.0	371.0	99.1798
sub-NDARHZ500ZNT_ses-HBNsiteRU_acq-64dir_dwi	2	[0.0, 1000.0, 2000.0]	[1000.0, 2000.0]	0.0224	0.0108	0.0097	0.0015	1.9087	0.6533	0.597	0.0	0.0	100.9167	282.24	104.04	1.0329	127	98.44961240310077	0.8012	41.5129	11.9521	1.6508	3.71	4.48	4.48	2.14	1.15	76.26	455.51	268.13	546.85	209.9489	5.9304	17.1143	6.0	546949.0	1.0	62.0	42.2509	7.8453	97.8517	245.7735	220.0	231803.0	88.0	484.0	131.0413	26.4569	60.7867	195.5744	176.0	98277.0	83.0	382.0	104.6111
sub-NDARHZ852XY0_ses-HBNsiteCBIC_acq-64dir_dwi	2	[0.0, 1000.0, 2000.0]	[1000.0, 2000.0]	0.3092	0.101	0.0838	0.0039	2.6963	1.6738	1.2215	0.0	0.0	-0.0027	0.1006	0.8461	9.7339	128	99.2248062015504	0.5107	152.708	49.4703	41.9292	3.1	4.96	4.96	1.79	1.36	72.79	425.49	372.69	440.78	36.3892	32.6172	224.9855	135.0	648842.0	100.0	703.0	319.469	2.9011	449.2285	1035.4588	944.0	129910.0	365.0	2020.0	518.8359	2.3164	461.0893	1063.2109	973.0	103465.0	379.0	2055.0	522.3795
sub-NDARJB366HYJ_ses-HBNsiteRU_acq-64dir_dwi	2	[0.0, 1000.0, 2000.0]	[1000.0, 2000.0]	0.2254	0.0679	0.0537	0.003	1.7945	0.6027	0.5883	0.0	0.0	273.0	380.25	110.25	4.0375	128	99.2248062015504	0.7499	29.652	11.8563	1.6508	4.07	6.07	6.07	2.17	1.18	82.33	394.43	390.29	503.13	103.233	4.4478	15.3918	5.0	543366.0	1.0	52.0	48.304	6.3317	99.3343	242.0848	216.0	235386.0	101.0	471.0	123.0536	6.6087	96.3691	232.5102	210.0	203696.0	99.0	435.0	112.9512
sub-NDARJM036PVX_ses-HBNsiteRU_acq-64dir_dwi	2	[0.0, 1000.0, 2000.0]	[1000.0, 2000.0]	0.0311	0.0163	0.0163	0.0005	1.7481	0.6063	0.5813	0.0	0.0	262.44	410.0625	138.0625	1.7706	128	99.2248062015504	0.6752	31.1346	11.298	1.6508	3.72	4.18	4.18	2.08	1.06	75.72	417.2	213.26	485.21	250.3803	4.4478	11.2746	5.0	539662.0	1.0	38.0	30.6778	5.4494	106.7474	238.0872	214.0	239090.0	81.0	471.0	129.7545	4.1758	84.5083	207.6336	187.0	147785.0	81.0	401.0	104.1698
sub-NDARJM296MDW_ses-HBNsiteRU_acq-64dir_dwi	2	[0.0, 1000.0, 2000.0]	[1000.0, 2000.0]	0.1311	0.0361	0.0271	0.001	1.7434	0.5703	0.558	0.0	0.0	393.0	370.5625	115.5625	6.7173	128	99.2248062015504	0.3959	28.1694	10.866	1.3206	4.57	4.08	4.08	2.4	1.32	68.58	277.45	278.48	454.39	312.9962	2.9652	9.6475	4.0	562244.0	1.0	32.0	26.6931	7.1999	93.4039	234.9476	211.0	216508.0	98.0	457.0	118.8198	7.8536	85.9909	218.1341	198.0	164486.0	94.0	408.0	105.6225
sub-NDARJR687LGX_ses-HBNsiteSI_acq-64dir_dwi	2	[0.0, 1000.0, 2000.0]	[1000.0, 2000.0]	0.074	0.0329	0.0306	0.0002	2.2433	1.138	0.8311	0.0	0.0	0.0	10.8262	7.84	2.1871	128	99.2248062015504	0.7941	34.0999	11.1002	10.2347	6.58	7.98	7.98	4.2	1.89	48.42	292.72	236.64	234.68	104.5377	7.413	45.7785	33.0	500759.0	24.0	115.0	47.9504	2.4301	131.9516	351.3755	325.0	162793.0	153.0	634.0	152.9627	7.9516	75.6127	277.0774	267.0	51399.0	162.0	426.0	94.2721
sub-NDARJW072UJ3_ses-HBNsiteRU_acq-64dir_dwi	2	[0.0, 1000.0, 2000.0]	[1000.0, 2000.0]	0.1692	0.0372	0.0304	0.002	1.8017	0.6333	0.6119	0.0	0.0	229.3333	225.0	115.5625	3.3264	128	99.2248062015504	0.8183	28.1694	11.8126	1.3206	3.7	4.08	4.08	1.96	1.5	149.19	934.83	887.21	1132.4	91.9114	5.9304	26.1373	6.0	529034.0	1.0	85.0	91.6405	8.1629	105.2648	254.6481	214.0	249718.0	98.0	565.0	157.6894	60.0696	47.4433	162.5382	151.0	85017.0	85.0	269.0	71.733
sub-NDARKF363RN1_ses-HBNsiteRU_acq-64dir_dwi	2	[0.0, 1000.0, 2000.0]	[1000.0, 2000.0]	0.118	0.0287	0.0251	0.0014	2.1432	0.7108	0.6182	0.0	0.0	103.8571	256.0	96.04	3.3025	128	99.2248062015504	0.6388	57.8215	12.9939	1.6508	2.63	4.0	4.0	1.19	0.87	130.69	865.47	888.24	882.27	117.7061	7.413	28.7308	7.0	517839.0	1.0	94.0	95.3854	14.8643	108.23	274.5479	224.0	260913.0	98.0	632.0	186.8339	23.2188	93.4039	246.0624	209.0	196057.0	97.0	525.0	153.4932
sub-NDARKH298MA3_ses-HBNsiteRU_acq-64dir_dwi	2	[0.0, 1000.0, 2000.0]	[1000.0, 2000.0]	0.1268	0.0523	0.0565	0.0024	1.1161	0.597	0.6029	0.0	0.0	289.0	144.0	76.5625	2.0014	128	99.2248062015504	0.5077	37.0651	11.1573	1.6508	2.99	2.81	2.81	1.47	0.79	83.49	537.29	605.62	464.43	372.808	5.9304	13.0548	6.0	562786.0	1.0	45.0	34.1832	7.5375	74.1301	181.8665	161.0	215966.0	59.0	374.0	102.8847	7.4784	72.6475	180.2327	160.0	190311.0	62.0	371.0	100.6016
sub-NDARKX528PH3_ses-HBNsiteCBIC_acq-64dir_dwi	2	[0.0, 1000.0, 2000.0]	[1000.0, 2000.0]	0.0474	0.0184	0.0169	0.0015	4.2298	2.4643	1.8246	0.0	0.0	0.0	0.0402	0.0883	1.141	126	97.67441860465117	0.6668	121.5734	66.2619	43.2498	4.92	6.88	6.88	3.21	1.71	73.5	266.06	317.82	481.63	133.8146	34.0999	192.989	142.0	521754.0	104.0	455.0	210.568	3.2677	601.9365	1401.2504	1277.0	256998.0	514.0	2678.0	695.2866	3.5037	545.5976	1298.5425	1135.0	118836.0	453.0	2568.0	678.1057
sub-NDARLJ280UCN_ses-HBNsiteCBIC_acq-64dir_dwi	2	[0.0, 1000.0, 2000.0]	[1000.0, 2000.0]	0.0701	0.023	0.0195	0.001	3.889	2.2369	1.6837	0.0	0.0	0.0	0.0278	0.0897	1.4721	127	98.44961240310077	0.5342	200.1513	66.9266	42.9197	3.31	5.6	5.6	1.84	1.15	69.95	270.2	166.67	443.64	84.2964	29.652	192.3951	138.0	540970.0	103.0	426.0	240.4964	4.9542	538.1846	1370.9835	1247.0	237782.0	597.0	2577.0	641.806	10.5068	388.4418	1170.5242	1012.0	81926.0	553.0	2296.0	580.7331
sub-NDARLJ970DEY_ses-HBNsiteCBIC_acq-64dirVARIANTObliquity_dwi	2	[0.0, 1000.0, 2000.0]	[1000.0, 2000.0]	0.112	0.0321	0.0195	0.0008	3.6334	2.1387	1.6466	0.0	0.0	-0.0053	0.0333	0.0897	1.6397	128	99.2248062015504	0.5916	187.5492	67.4487	43.2498	3.8	5.28	5.28	2.05	1.24	65.18	197.73	279.52	392.76	198.2075	29.652	176.7434	140.0	551959.0	104.0	356.0	176.6268	5.4481	518.9108	1342.1047	1214.0	226793.0	573.0	2525.0	643.5216	15.1516	358.7897	1095.756	992.0	94846.0	522.0	1991.0	499.9742
sub-NDARLM713ZAM_ses-HBNsiteRU_acq-64dir_dwi	2	[0.0, 1000.0, 2000.0]	[1000.0, 2000.0]	0.0318	0.009	0.0076	0.0006	2.1178	0.5759	0.5617	0.0	0.0	161.5625	495.0625	150.0625	1.0272	126	97.67441860465117	0.612	31.1346	10.9756	1.3206	4.47	8.45	8.45	2.26	1.08	43.64	191.52	97.31	225.05	149.3772	2.9652	10.6536	4.0	563105.0	1.0	35.0	30.0849	5.1318	97.8517	247.7368	237.0	215647.0	103.0	426.0	106.8684	2.0256	91.9213	234.4523	222.0	150668.0	104.0	404.0	97.7293
sub-NDARMB945WN7_ses-HBNsiteCUNY_acq-64dir_dwi	2	[0.0, 1000.0, 2000.0]	[1000.0, 2000.0]	0.0348	0.0191	0.0193	0.0017				0.0	0.0	-1.0	-1.0	-1.0	0.7234	125	96.89922480620154	0.6407	242.4055	134.0857	71.973	4.35	6.2	6.2	2.86	1.58	105.78	676.02	614.94	746.81	67.6536	94.8865	504.4546	265.0	520374.0	180.0	1516.0	737.6482	6.6164	1353.6158	2791.0202	2413.0	258378.0	872.0	5910.0	1716.8553	10.5043	621.2103	1756.6532	1636.0	95089.0	790.0	3105.0	759.1418
sub-NDARML142BEK_ses-HBNsiteSI_acq-64dir_dwi	2	[0.0, 1000.0, 2000.0]	[1000.0, 2000.0]	0.1341	0.0697	0.0679	0.0087	2.5379	1.0	0.8435	0.0	0.0	-0.6131	9.9619	5.0989	3.6049	128	99.2248062015504	0.734	40.0303	11.0806	10.5648	4.54	3.77	3.77	2.39	1.26	116.24	758.15	988.06	682.16	83.4452	11.8608	71.6499	36.0	472564.0	25.0	233.0	113.4818	5.0532	124.5386	329.6047	293.0	190988.0	147.0	644.0	162.3116	42.8179	65.2345	244.8885	233.0	54490.0	143.0	379.0	96.3591
sub-NDARMU053YEU_ses-HBNsiteRU_acq-64dir_dwi	2	[0.0, 1000.0, 2000.0]	[1000.0, 2000.0]	0.053	0.016	0.0149	0.0016	1.7243	0.6401	0.6092	0.0	0.0	174.6667	237.16	81.0	1.9385	128	99.2248062015504	0.567	42.2542	11.8256	1.6508	3.12	3.79	3.79	1.6	0.94	83.42	431.7	339.56	541.83	117.6434	5.9304	19.3066	7.0	547844.0	1.0	64.0	54.5988	7.2716	103.7822	236.7384	212.0	230908.0	80.0	471.0	130.0918	8.0253	93.4039	219.0256	195.0	164380.0	74.0	438.0	119.1137
sub-NDARMV822KWR_ses-HBNsiteCBIC_acq-64dir_dwi	2	[0.0, 1000.0, 2000.0]	[1000.0, 2000.0]	0.2098	0.0748	0.0663	0.0014	3.6971	2.151	1.585	0.0	0.0	0.0	0.0338	0.1681	3.574	128	99.2248062015504	0.5465	147.5189	65.0755	43.2498	4.23	6.18	6.18	2.46	1.38	64.46	403.75	172.89	426.44	221.5844	31.1346	175.1456	141.0	556784.0	104.0	368.0	146.6318	4.992	587.1105	1425.6781	1268.0	221968.0	468.0	2857.0	759.0766	3.4941	683.4796	1532.1204	1355.0	122874.0	533.0	3026.0	805.1505
sub-NDARMW551YA0_ses-HBNsiteCBIC_acq-64dir_dwi	2	[0.0, 1000.0, 2000.0]	[1000.0, 2000.0]	0.1305	0.0292	0.0135	0.0015	4.6302	2.5113	1.8488	0.0	0.0	-0.0055	0.0323	0.0897	2.6772	127	98.44961240310077	0.8196	146.7776	65.8245	43.58	3.9	5.59	5.59	2.49	1.52	112.53	508.31	696.72	761.15	81.5169	42.9955	240.9052	149.0	518043.0	106.0	644.0	329.5798	4.8677	600.4539	1373.6187	1193.0	260709.0	498.0	2883.0	779.6159	3.8733	278.7292	898.3348	843.0	79670.0	456.0	1530.0	338.2633
sub-NDARMZ687XRR_ses-HBNsiteRU_acq-64dir_dwi	2	[0.0, 1000.0, 2000.0]	[1000.0, 2000.0]	0.054	0.0213	0.0168	0.0008	2.0457	0.7161	0.6085	0.0	0.0	130.25	268.96	104.04	2.6447	128	99.2248062015504	0.6747	40.0303	12.0844	1.6508	4.25	5.35	5.35	2.34	1.32	95.79	588.02	375.8	627.84	127.5214	5.9304	20.1957	6.0	514404.0	1.0	86.0	48.3566	11.7128	106.7474	265.5603	225.0	264348.0	97.0	561.0	165.9621	23.3315	62.2693	190.6054	178.0	110042.0	90.0	328.0	84.7881
sub-NDARNE511XHU_ses-HBNsiteSI_acq-64dir_dwi	2	[0.0, 1000.0, 2000.0]	[1000.0, 2000.0]	0.088	0.0319	0.027	0.0066	2.3338	1.1651	0.8467	0.0	0.0	0.4567	9.3789	6.7275	2.5357	128	99.2248062015504	0.5017	31.1346	11.4424	10.5648	7.47	10.44	10.44	4.26	2.31	59.3	481.13	360.01	258.23	85.429	10.3782	50.6574	35.0	485958.0	25.0	133.0	49.7474	2.873	139.3646	368.8326	338.0	177594.0	152.0	684.0	170.6905	7.0311	87.4735	297.5308	283.0	56246.0	159.0	500.0	116.0745
sub-NDARNP423EJQ_ses-HBNsiteRU_acq-64dir_dwi	2	[0.0, 1000.0, 2000.0]	[1000.0, 2000.0]	0.1108	0.0398	0.0392	0.0015	2.8231	0.5825	0.5536	0.0	0.0	20.52	441.0	138.0625	2.2952	128	99.2248062015504	0.4498	29.652	10.8281	1.6508	4.59	5.43	5.43	2.29	1.15	42.87	113.88	163.57	227.2	441.7711	4.4478	9.3391	5.0	563500.0	1.0	27.0	26.802	3.693	91.9213	257.6017	243.0	215252.0	123.0	442.0	105.6122	2.8773	91.9213	255.6457	242.0	196046.0	123.0	435.0	102.3995
sub-NDARNV694EMG_ses-HBNsiteRU_acq-64dir_dwi	2	[0.0, 1000.0, 2000.0]	[1000.0, 2000.0]	0.0776	0.033	0.0327	0.003	2.0976	0.6541	0.6206	0.0	0.0	73.8163	231.04	84.64	2.2123	128	99.2248062015504	0.6611	38.5477	12.1133	1.6508	4.07	5.47	5.47	1.89	1.18	97.72	504.17	419.28	583.4	159.0624	7.413	21.727	7.0	525930.0	1.0	73.0	63.3368	15.2901	90.4387	247.8286	219.0	252822.0	101.0	489.0	136.8063	16.6228	80.0605	225.2879	201.0	134224.0	92.0	436.0	117.9641
sub-NDARPK237YHD_ses-HBNsiteRU_acq-64dir_dwi	2	[0.0, 1000.0, 2000.0]	[1000.0, 2000.0]	0.1952	0.0538	0.044	0.0037	1.7787	0.6112	0.5934	0.0	0.0	298.92	361.0	100.0	4.4602	128	99.2248062015504	0.5613	31.1346	12.0617	1.3206	3.89	3.6	3.6	1.96	1.2	101.23	607.69	456.54	717.43	134.4228	4.4478	15.6228	5.0	527246.0	1.0	53.0	48.0921	6.2308	102.2996	244.4841	212.0	251506.0	94.0	506.0	138.3169	6.6974	97.8517	234.604	206.0	219361.0	92.0	462.0	125.5773
sub-NDARRE445RHR_ses-HBNsiteCBIC_acq-64dir_dwi	2	[0.0, 1000.0, 2000.0]	[1000.0, 2000.0]	0.0799	0.0146	0.0091	0.0016	4.3282	2.4035	1.7954	0.0	0.0	0.0	0.0318	0.0869	1.5533	128	99.2248062015504	0.6464	155.6732	66.6559	43.58	3.83	3.13	3.13	2.41	1.45	88.96	323.0	428.59	592.0	83.3836	40.0303	220.9318	148.0	516322.0	107.0	531.0	267.5787	4.1303	508.5326	1252.6442	1130.0	262430.0	510.0	2407.0	616.4552	13.8641	314.3117	970.6396	904.0	103230.0	477.0	1648.0	398.9775
sub-NDARRF059RMB_ses-HBNsiteCBIC_acq-64dir_dwi	2	[0.0, 1000.0, 2000.0]	[1000.0, 2000.0]	0.1675	0.0322	0.0269	0.0017	3.2323	1.9585	1.5454	0.0	0.0	0.0	0.0596	0.1321	1.1939	126	97.67441860465117	0.6459	117.1256	67.6248	42.5895	5.28	5.39	5.39	3.44	1.71	47.89	187.38	130.44	292.42	172.3082	26.6868	167.0299	135.0	574781.0	102.0	336.0	157.9927	4.4131	527.8064	1311.3009	1232.0	203971.0	486.0	2385.0	607.3247	4.7317	443.2981	1159.2616	1059.0	90886.0	498.0	2134.0	532.0485
sub-NDARRP801AX1_ses-HBNsiteRU_acq-64dir_dwi	2	[0.0, 1000.0, 2000.0]	[1000.0, 2000.0]	0.0368	0.0192	0.0188	0.0038	1.8274	0.6378	0.6187	0.0	0.0	140.5918	249.64	84.64	1.1501	128	99.2248062015504	0.7597	35.5825	12.2535	1.6508	3.6	3.34	3.34	1.95	1.05	112.36	697.76	699.83	757.56	101.1733	7.413	20.9652	7.0	521440.0	1.0	69.0	52.9421	4.6927	99.3343	244.6482	209.0	257312.0	89.0	525.0	140.9646	25.6121	50.4085	169.3626	159.0	98019.0	84.0	284.0	73.2788
sub-NDARRU720LG4_ses-HBNsiteRU_acq-64dir_dwi	2	[0.0, 1000.0, 2000.0]	[1000.0, 2000.0]	0.0349	0.0158	0.0157	0.0017	2.4628	0.5427	0.5493	0.0	0.0	43.5625	529.0	156.25	2.2954	128	99.2248062015504	0.6235	45.2194	11.6186	1.6508	3.49	4.11	4.11	1.69	1.04	46.3	156.32	107.67	247.27	224.101	2.9652	8.2183	4.0	580646.0	1.0	29.0	17.2977	5.6006	85.9909	249.9906	237.0	198106.0	120.0	428.0	103.0175	4.6088	66.7171	209.1142	196.0	88565.0	103.0	358.0	84.1824
sub-NDARRW680PHD_ses-HBNsiteCBIC_acq-64dir_dwi	2	[0.0, 1000.0, 2000.0]	[1000.0, 2000.0]	0.1497	0.0599	0.0542	0.0071	4.2048	2.3323	1.7301	0.0	0.0	-0.0025	0.0422	0.1364	4.3413	128	99.2248062015504	0.6726	177.9123	67.1569	42.9197	3.55	4.78	4.78	2.03	1.29	89.68	405.82	473.11	607.77	76.4688	38.5477	219.3675	145.0	526986.0	104.0	527.0	298.9397	5.5874	532.2542	1269.2672	1148.0	251766.0	466.0	2475.0	647.5151	6.2741	514.463	1222.3415	1108.0	178720.0	468.0	2343.0	613.8895
sub-NDARRX897XV1_ses-HBNsiteCBIC_acq-64dir_dwi	2	[0.0, 1000.0, 2000.0]	[1000.0, 2000.0]	0.1559	0.0478	0.0381	0.006	4.3805	2.3199	1.7555	0.0	0.0	0.0	0.0648	0.1575	2.538	128	99.2248062015504	0.7289	137.1407	68.3332	43.2498	4.03	3.86	3.86	2.12	1.68	110.49	665.66	633.57	778.35	76.9009	41.5129	231.4226	149.0	534874.0	106.0	541.0	349.7364	6.0121	604.9017	1386.1524	1173.0	243878.0	476.0	3024.0	842.2357	8.1649	318.7595	953.8361	863.0	84451.0	455.0	1789.0	435.8916
sub-NDARRZ993EL4_ses-HBNsiteCBIC_acq-64dir_dwi	2	[0.0, 1000.0, 2000.0]	[1000.0, 2000.0]	0.1268	0.039	0.0303	0.0031	4.7284	2.5442	1.8784	0.0	0.0	0.0	0.0318	0.0648	4.2258	128	99.2248062015504	0.3392	143.8124	65.7012	44.2403	4.58	5.88	5.88	2.67	1.58	111.02	538.33	586.99	736.06	108.6049	45.9607	247.1582	153.0	509052.0	107.0	663.0	362.1261	7.2249	535.2194	1310.438	1155.0	269700.0	497.0	2621.0	712.6729	10.7218	480.3631	1175.7519	1056.0	144130.0	449.0	2254.0	600.6969
sub-NDARTG937LDA_ses-HBNsiteRU_acq-64dir_dwi	2	[0.0, 1000.0, 2000.0]	[1000.0, 2000.0]	0.0482	0.0173	0.0151	0.0022	1.8994	0.7951	0.5969	0.0	0.0	106.5306	256.0	112.36	1.9032	128	99.2248062015504	0.5101	47.4433	12.6452	1.6508	3.74	4.85	4.85	2.13	1.05	89.7	581.81	559.03	639.31	145.5878	7.413	20.5607	7.0	555135.0	1.0	78.0	49.0752	7.1318	126.0212	286.5253	234.0	223617.0	95.0	653.0	187.3523	22.56	80.0605	217.6839	186.0	98394.0	90.0	442.0	128.1726
sub-NDARTK657DV6_ses-HBNsiteSI_acq-64dir_dwi	2	[0.0, 1000.0, 2000.0]	[1000.0, 2000.0]	0.0547	0.0193	0.0145	0.0016	2.8505	1.2759	0.8373	0.0	0.0	-0.085	9.7908	8.0278	2.3354	128	99.2248062015504	0.709	40.0303	11.0704	10.2347	5.06	6.84	6.84	3.13	1.6	50.3	285.99	225.43	233.84	79.1946	7.413	45.8687	32.0	462827.0	24.0	123.0	51.2724	1.4279	149.7428	384.2792	357.0	200725.0	171.0	684.0	163.2175	6.9462	80.0605	290.3384	278.0	51712.0	174.0	449.0	94.6866
sub-NDARUB231LHN_ses-HBNsiteRU_acq-64dir_dwi	2	[0.0, 1000.0, 2000.0]	[1000.0, 2000.0]	0.1252	0.0147	0.0133	0.001	1.6474	0.4924	0.5368	0.0	0.0	156.25	658.7778	186.7778	2.3282	128	99.2248062015504	0.6194	28.1694	10.1126	1.3206	4.53	5.82	5.82	2.21	1.13	39.82	172.89	145.97	171.29	215.0177	2.9652	6.1435	4.0	606021.0	0.0	20.0	12.4169	3.7621	65.2345	203.8769	198.0	172731.0	85.0	340.0	82.4081	4.3608	60.7867	191.118	187.0	117316.0	88.0	304.0	71.3447
sub-NDARUC308ZLR_ses-HBNsiteCBIC_acq-64dir_dwi	2	[0.0, 1000.0, 2000.0]	[1000.0, 2000.0]	0.2402	0.0298	0.0185	0.0029	4.228	2.32	1.6942	0.0	0.0	0.0	0.0333	0.1654	4.0046	128	99.2248062015504	0.5818	188.2905	63.6752	43.2498	3.46	3.01	3.01	1.84	1.21	96.58	514.52	527.98	588.42	63.2037	40.0303	226.3592	148.0	535791.0	105.0	522.0	331.9805	5.5941	551.528	1314.4159	1160.0	242961.0	511.0	2654.0	688.6656	9.2629	535.2194	1259.4889	1113.0	132628.0	505.0	2520.0	657.662
sub-NDARUW206XUG_ses-HBNsiteCBIC_acq-64dir_dwi	2	[0.0, 1000.0, 2000.0]	[1000.0, 2000.0]	0.2171	0.0603	0.043	0.0027	4.1243	2.2632	1.7339	0.0	0.0	0.0	0.0521	0.13	4.3556	128	99.2248062015504	0.4667	167.5341	68.9733	43.58	4.08	5.96	5.96	2.42	1.53	113.61	786.79	725.71	775.48	279.8678	40.0303	215.6379	149.0	545338.0	107.0	474.0	328.6132	6.5308	548.5628	1366.2286	1152.0	233414.0	501.0	2985.0	834.1267	6.3677	290.59	952.3135	899.0	91990.0	503.0	1568.0	350.8436
sub-NDARVB819ENX_ses-HBNsiteRU_acq-64dir_dwi	2	[0.0, 1000.0, 2000.0]	[1000.0, 2000.0]	0.2093	0.028	0.0151	0.0012	1.6133	0.6159	0.6049	0.0	0.0	338.56	361.0	115.5625	1.8225	128	99.2248062015504	0.4454	31.1346	11.2051	1.6508	4.27	5.01	5.01	2.29	1.3	78.48	419.28	265.02	513.88	259.0952	4.4478	13.2547	5.0	515337.0	1.0	48.0	38.6715	5.6171	87.4735	218.3888	198.0	263415.0	90.0	411.0	107.4396	5.8583	81.5431	206.7459	190.0	201007.0	89.0	377.0	95.4169
sub-NDARVX111CNA_ses-HBNsiteCBIC_acq-64dir_dwi	2	[0.0, 1000.0, 2000.0]	[1000.0, 2000.0]	0.0559	0.0074	0.0037	0.0004	3.9332	2.2833	1.7298	0.0	0.0	-0.0058	0.0372	0.0883	0.6061	111	86.04651162790698	0.6503	126.7625	66.8476	43.2498	4.81	4.02	4.02	3.05	1.64	64.32	215.33	238.11	396.34	218.3154	29.652	178.0187	140.0	527085.0	104.0	350.0	198.5395	3.875	566.354	1351.255	1246.0	251667.0	534.0	2487.0	636.1801	9.6376	265.3858	981.1076	917.0	71132.0	553.0	1633.0	358.5566
sub-NDARWD585PRZ_ses-HBNsiteRU_acq-64dir_dwi	2	[0.0, 1000.0, 2000.0]	[1000.0, 2000.0]	0.0322	0.0108	0.0098	0.0015	2.3106	0.6715	0.6104	0.0	0.0	86.3333	295.84	100.0	1.4466	128	99.2248062015504	0.7248	51.1498	11.7811	1.6508	2.69	3.93	3.93	1.56	0.73	66.68	268.13	183.24	419.28	88.984	5.9304	16.3242	6.0	518985.0	1.0	56.0	41.6492	5.1675	106.7474	256.8772	236.0	259767.0	104.0	471.0	120.6244	7.5852	71.1649	207.3036	189.0	108436.0	91.0	387.0	96.4528
sub-NDARWG820RKE_ses-HBNsiteCBIC_acq-64dirVARIANTObliquity_dwi	2	[0.0, 1000.0, 2000.0]	[1000.0, 2000.0]	0.1028	0.0207	0.0177	0.0022	3.7541	2.1325	1.5969	0.0	0.0	-0.0055	0.042	0.1321	1.8645	128	99.2248062015504	0.6395	128.2451	68.5246	42.5895	4.92	6.25	6.25	2.68	1.61	80.74	355.09	383.04	495.25	158.6977	31.1346	191.5699	139.0	553850.0	103.0	406.0	245.746	5.957	554.4932	1365.7177	1226.0	224902.0	544.0	2698.0	702.6015	10.4702	490.7413	1264.5325	1160.0	148389.0	567.0	2332.0	582.4646
sub-NDARWR678HLF_ses-HBNsiteRU_acq-64dir_dwi	2	[0.0, 1000.0, 2000.0]	[1000.0, 2000.0]	0.1872	0.0603	0.0477	0.0031	1.7099	0.6198	0.5988	0.0	0.0	204.5556	231.04	126.5625	6.5658	128	99.2248062015504	0.7161	41.5129	12.0413	1.6508	3.2	4.36	4.36	1.54	1.03	118.76	768.15	723.64	873.67	179.7451	5.9304	16.5811	6.0	521731.0	1.0	65.0	44.0023	7.2893	94.8865	239.1617	201.0	257021.0	77.0	542.0	151.8634	13.4675	56.3389	174.7836	164.0	115477.0	81.0	306.0	75.4004
sub-NDARWY718TY7_ses-HBNsiteCBIC_acq-64dir_dwi	2	[0.0, 1000.0, 2000.0]	[1000.0, 2000.0]	0.0393	0.0116	0.0069	0.0014	4.6054	2.5945	1.9034	0.0	0.0	-0.0024	0.0318	0.0637	1.9764	127	98.44961240310077	0.7008	238.699	68.7526	43.58	3.08	4.69	4.69	1.78	1.01	91.97	581.81	522.8	597.74	105.6629	38.5477	224.4205	148.0	525155.0	106.0	574.0	298.9993	7.0426	667.171	1544.616	1359.0	253597.0	573.0	3115.0	865.5662	15.619	330.6203	1042.0361	987.0	76854.0	519.0	1751.0	403.4477
sub-NDARXK303DDB_ses-HBNsiteRU_acq-64dir_dwi	2	[0.0, 1000.0, 2000.0]	[1000.0, 2000.0]	0.2961	0.0927	0.0877	0.001	2.1654	0.606	0.5871	0.0	0.0	145.32	333.0625	105.0625	5.4978	128	99.2248062015504	0.546	32.6172	12.1885	1.6508	3.96	5.58	5.58	1.94	1.05	63.4	225.68	151.15	323.95	107.0963	4.4478	13.647	5.0	521020.0	1.0	47.0	35.9811	6.6514	103.7822	250.7232	233.0	257732.0	102.0	455.0	118.1467	3.8271	105.2648	249.2982	234.0	231591.0	102.0	446.0	114.4932
sub-NDARXL023NG9_ses-HBNsiteRU_acq-64dir_dwi	2	[0.0, 1000.0, 2000.0]	[1000.0, 2000.0]	0.0149	0.0064	0.0063	0.0005	2.0566	0.6086	0.5878	0.0	0.0	144.68	302.76	150.0625	1.1257	128	99.2248062015504	0.7775	31.1346	11.1811	1.6508	4.39	5.85	5.85	2.13	1.17	64.06	309.54	200.84	407.09	135.3556	4.4478	18.2892	5.0	556117.0	1.0	61.0	59.6805	4.5152	96.3691	246.4832	231.0	222635.0	113.0	429.0	105.1233	11.5955	48.9259	178.9933	169.0	65385.0	99.0	295.0	65.9883
sub-NDARXN764AC7_ses-HBNsiteRU_acq-64dir_dwi	2	[0.0, 1000.0, 2000.0]	[1000.0, 2000.0]	0.0398	0.0109	0.0089	0.0004	2.5058	0.7508	0.6048	0.0	0.0	57.3333	302.76	121.0	1.4162	128	99.2248062015504	0.5571	42.9955	12.0085	1.6508	3.83	3.7	3.7	2.2	1.01	90.52	558.0	590.09	662.24	123.9201	5.9304	18.6781	6.0	516153.0	1.0	69.0	51.6877	6.005	114.1604	279.1062	249.0	262599.0	102.0	560.0	151.191	8.8404	65.2345	198.2919	186.0	91342.0	91.0	343.0	85.2418
sub-NDARXV209WYA_ses-HBNsiteRU_acq-64dir_dwi	2	[0.0, 1000.0, 2000.0]	[1000.0, 2000.0]	0.1238	0.0215	0.019	0.0017	2.3916	0.667	0.5799	0.0	0.0	123.24	430.5625	150.0625	2.1189	128	99.2248062015504	0.791	40.7716	11.7681	1.6508	3.59	4.91	4.91	1.93	1.32	125.47	812.67	971.06	905.21	103.6439	4.4478	24.0674	5.0	538469.0	1.0	66.0	97.3569	5.9945	115.643	279.2165	241.0	240283.0	105.0	585.0	162.515	10.254	66.7171	202.4352	182.0	93204.0	90.0	389.0	100.9842
sub-NDARYD546HCB_ses-HBNsiteRU_acq-64dir_dwi	2	[0.0, 1000.0, 2000.0]	[1000.0, 2000.0]	0.2085	0.0406	0.0338	0.0008	1.8168	0.544	0.5457	0.0	0.0	196.0	390.0625	85.5625	4.1776	128	99.2248062015504	0.4463	35.5825	10.7953	1.4857	3.69	4.33	4.33	1.84	1.04	40.76	76.61	105.6	240.81	238.9082	2.9652	7.2715	4.0	568982.0	0.0	25.0	14.033	4.4931	78.5779	221.3167	211.0	209770.0	102.0	383.0	91.4986	3.1442	77.0953	219.6027	210.0	198144.0	104.0	375.0	87.8907
sub-NDARYE521RDA_ses-HBNsiteRU_acq-64dir_dwi	2	[0.0, 1000.0, 2000.0]	[1000.0, 2000.0]	0.2049	0.0398	0.0242	0.0019	2.2449	0.605	0.5657	0.0	0.0	115.36	430.5625	72.25	5.484	128	99.2248062015504	0.5497	77.0953	11.2182	1.3206	2.21	2.24	2.24	0.9	0.65	62.59	265.02	154.25	343.3	98.8941	4.4478	14.1867	5.0	544938.0	1.0	46.0	44.0625	4.6369	99.3343	254.6373	237.0	233814.0	113.0	457.0	114.1321	4.5347	96.3691	250.4985	236.0	219858.0	116.0	435.0	106.1343
sub-NDARYW984FLT_ses-HBNsiteCBIC_acq-64dir_dwi	2	[0.0, 1000.0, 2000.0]	[1000.0, 2000.0]	0.0591	0.0107	0.009	0.0011	4.0202	2.3152	1.7413	0.0	0.0	-0.0067	0.0322	0.0879	1.148	128	99.2248062015504	0.8447	142.3298	68.1201	43.2498	4.63	4.76	4.76	2.58	1.44	65.5	208.08	270.2	361.94	127.6857	31.1346	184.8462	141.0	536492.0	105.0	386.0	202.6473	4.4555	572.2845	1459.6827	1340.0	242260.0	611.0	2691.0	682.6673	3.1472	289.1074	1038.3734	989.0	65639.0	576.0	1668.0	346.6945
sub-NDARYZ637LK4_ses-HBNsiteRU_acq-64dir_dwi	2	[0.0, 1000.0, 2000.0]	[1000.0, 2000.0]	0.0477	0.0209	0.0166	0.0021	1.9404	0.6242	0.5797	0.0	0.0	187.56	275.56	138.0625	1.757	128	99.2248062015504	0.6796	39.289	11.8581	1.6508	3.56	4.51	4.51	1.86	0.98	73.62	374.76	272.27	486.65	137.4048	4.4478	14.0783	5.0	554011.0	1.0	47.0	41.9615	4.9296	105.2648	252.9434	226.0	224741.0	99.0	497.0	130.9949	7.587	81.5431	218.0962	194.0	127010.0	93.0	428.0	109.4972
sub-NDARYZ909VND_ses-HBNsiteRU_acq-64dir_dwi	2	[0.0, 1000.0, 2000.0]	[1000.0, 2000.0]	0.0793	0.0189	0.0172	0.0011	1.5095	0.571	0.5832	0.0	0.0	289.0	390.0625	110.25	1.9343	128	99.2248062015504	0.5737	34.0999	11.5622	1.6508	3.91	3.81	3.81	1.76	0.89	56.41	245.35	138.72	303.17	108.41	4.4478	12.5556	5.0	560060.0	1.0	42.0	31.1737	7.2693	81.5431	209.4634	194.0	218692.0	77.0	383.0	100.1895	7.6019	80.0605	207.5528	193.0	206526.0	80.0	374.0	96.5041
sub-NDARZA034RW7_ses-HBNsiteCUNY_acq-64dir_dwi	2	[0.0, 1000.0, 2000.0]	[1000.0, 2000.0]	0.0432	0.0168	0.0149	0.0025				0.0	0.0	-1.0	-1.0	-1.0	1.4776	126	97.67441860465117	0.3503	299.4856	122.7167	66.5255	3.83	3.56	3.56	2.23	1.3	65.8	198.77	356.13	338.29	80.034	42.9955	299.5927	208.0	558313.0	157.0	624.0	426.7191	3.6731	1003.7217	2558.4585	2351.0	220439.0	1105.0	4796.0	1182.9959	3.0823	982.9653	2429.8726	2158.0	142076.0	1037.0	4802.0	1200.9821
sub-NDARZY101JNB_ses-HBNsiteCBIC_acq-64dir_dwi	2	[0.0, 1000.0, 2000.0]	[1000.0, 2000.0]	0.014	0.0046	0.0044	0.0005	4.3167	2.5207	1.8465	0.0	0.0	-0.0058	0.0308	0.0713	0.6192	124	96.12403100775194	0.6866	130.469	66.2888	43.2498	4.89	5.27	5.27	2.98	1.57	65.95	195.66	239.14	419.99	91.4167	34.0999	196.0319	144.0	523236.0	104.0	463.0	208.3849	4.155	619.7277	1447.045	1329.0	255516.0	522.0	2727.0	707.1978	8.2537	326.1725	1018.2793	966.0	71021.0	451.0	1779.0	417.3667
